<?xml version="1.0" encoding="UTF-8"?>
<project-private xmlns="http://www.netbeans.org/ns/project-private/1">
    <editor-bookmarks xmlns="http://www.netbeans.org/ns/editor-bookmarks/2" lastBookmarkId="0"/>
    <open-files xmlns="http://www.netbeans.org/ns/projectui-open-files/2">
        <group>
            <file>file:/E:/Edge%20Hill%20University/MSc/Java/CW2/AttendanceSystem/src/attendancesystem/DBConnection.java</file>
            <file>file:/E:/Edge%20Hill%20University/MSc/Java/CW2/AttendanceSystem/src/attendancesystem/FindStudent.java</file>
            <file>file:/E:/Edge%20Hill%20University/MSc/Java/CW2/AttendanceSystem/src/attendancesystem/CISConnection.java</file>
            <file>file:/E:/Edge%20Hill%20University/MSc/Java/CW2/AttendanceSystem/src/attendancesystem/DeleteStudent.java</file>
            <file>file:/E:/Edge%20Hill%20University/MSc/Java/CW2/AttendanceSystem/src/attendancesystem/AddModule.java</file>
            <file>file:/E:/Edge%20Hill%20University/MSc/Java/CW2/AttendanceSystem/src/attendancesystem/MainFrame.java</file>
            <file>file:/E:/Edge%20Hill%20University/MSc/Java/CW2/AttendanceSystem/src/attendancesystem/AttendanceRegister.java</file>
            <file>file:/E:/Edge%20Hill%20University/MSc/Java/CW2/AttendanceSystem/src/attendancesystem/AttendanceSystem.java</file>
            <file>file:/E:/Edge%20Hill%20University/MSc/Java/CW2/AttendanceSystem/src/attendancesystem/AddProgramme.java</file>
            <file>file:/E:/Edge%20Hill%20University/MSc/Java/CW2/AttendanceSystem/src/attendancesystem/AddStudent.java</file>
        </group>
    </open-files>
</project-private>
